Url,content_count_words
https://www.desafiohipico.com/,37
https://www.desafiohipico.com/en-vivo,29
https://www.desafiohipico.com/programa/69a63bdf48c573101acafb0b,0
https://www.desafiohipico.com/programa/69af3f56f93fba034fecaa37,0
https://www.desafiohipico.com/programa/69b89b2748313875f4a0ec69,0
https://www.desafiohipico.com/programa/69bcb28d48313875f4a2da61,0
https://www.desafiohipico.com/programa/69c1ab2f48313875f4a39cab,0
https://www.desafiohipico.com/programa/69c1aba148313875f4a39d3f,0
https://www.desafiohipico.com/programa/69caf2ff48313875f4a68be5,0
https://www.desafiohipico.com/programa/69d425a515f415f0939b744c,0
https://www.desafiohipico.com/programa/69d431c415f415f0939b7669,0
https://www.desafiohipico.com/pronosticos,46
https://www.desafiohipico.com/resultados,37
https://www.desafiohipico.com/retrospectos,56
https://www.desafiohipico.com/revista/6994fb518aa7d9dfc08a084b,14
https://www.desafiohipico.com/revista/699d15808aa7d9dfc08ef770,14
https://www.desafiohipico.com/revista/69a63bdf48c573101acafb0b,14
https://www.desafiohipico.com/revista/69af3f56f93fba034fecaa37,14
https://www.desafiohipico.com/revista/69b89b2748313875f4a0ec69,14
https://www.desafiohipico.com/revista/69bcb23948313875f4a2d9bb,15
https://www.desafiohipico.com/revista/69bcb27348313875f4a2da12,15
https://www.desafiohipico.com/revista/69bcb28d48313875f4a2da61,15
https://www.desafiohipico.com/revista/69c1ab2f48313875f4a39cab,14
https://www.desafiohipico.com/revista/69c1aba148313875f4a39d3f,15
https://www.desafiohipico.com/revista/69caf2ff48313875f4a68be5,14
https://www.desafiohipico.com/revista/69d425a515f415f0939b744c,14
https://www.desafiohipico.com/revista/69d431c415f415f0939b7669,15
https://www.desafiohipico.com/traqueos,144
https://www.desafiohipico.com/traqueos/2025-01-17,50
https://www.desafiohipico.com/traqueos/2026-01-07,50
https://www.desafiohipico.com/traqueos/2026-01-10,50
https://www.desafiohipico.com/traqueos/2026-01-13,50
https://www.desafiohipico.com/traqueos/2026-01-14,40
https://www.desafiohipico.com/traqueos/2026-01-15,40
https://www.desafiohipico.com/traqueos/2026-01-16,50
https://www.desafiohipico.com/traqueos/2026-01-20,40
https://www.desafiohipico.com/traqueos/2026-01-21,50
https://www.desafiohipico.com/traqueos/2026-01-23,50
https://www.desafiohipico.com/traqueos/2026-01-24,50
https://www.desafiohipico.com/traqueos/2026-01-28,50
https://www.desafiohipico.com/traqueos/2026-01-29,50
https://www.desafiohipico.com/traqueos/2026-01-30,50
https://www.desafiohipico.com/traqueos/2026-01-31,40
https://www.desafiohipico.com/traqueos/2026-02-04,40
https://www.desafiohipico.com/traqueos/2026-02-05,40
https://www.desafiohipico.com/traqueos/2026-02-06,40
https://www.desafiohipico.com/traqueos/2026-02-07,40
https://www.desafiohipico.com/traqueos/2026-02-11,40
https://www.desafiohipico.com/traqueos/2026-02-13,40
https://www.desafiohipico.com/traqueos/2026-02-14,40
https://www.desafiohipico.com/traqueos/2026-02-18,40
https://www.desafiohipico.com/traqueos/2026-02-19,40
https://www.desafiohipico.com/traqueos/2026-02-20,40
https://www.desafiohipico.com/traqueos/2026-02-21,40
https://www.desafiohipico.com/traqueos/2026-02-25,40
https://www.desafiohipico.com/traqueos/2026-02-26,40
https://www.desafiohipico.com/traqueos/2026-02-27,50
https://www.desafiohipico.com/traqueos/2026-02-28,50
https://www.desafiohipico.com/traqueos/2026-03-04,40
https://www.desafiohipico.com/traqueos/2026-03-06,40
https://www.desafiohipico.com/traqueos/2026-03-07,50
https://www.desafiohipico.com/traqueos/2026-03-11,50
https://www.desafiohipico.com/traqueos/2026-03-13,40
https://www.desafiohipico.com/traqueos/2026-03-14,50
https://www.desafiohipico.com/traqueos/2026-03-18,40
https://www.desafiohipico.com/traqueos/2026-03-19,40
https://www.desafiohipico.com/traqueos/2026-03-20,40
https://www.desafiohipico.com/traqueos/2026-03-21,40
https://www.desafiohipico.com/traqueos/2026-03-25,40
https://www.desafiohipico.com/traqueos/2026-03-26,40
https://www.desafiohipico.com/traqueos/2026-03-27,50
https://www.desafiohipico.com/traqueos/2026-03-28,40
https://www.desafiohipico.com/traqueos/2026-04-01,50
https://www.desafiohipico.com/traqueos/2026-04-02,50
https://www.desafiohipico.com/traqueos/2026-04-03,50
https://www.desafiohipico.com/traqueos/2026-04-04,50
https://www.desafiohipico.com/traqueos/valencia,143
