Url,h1_count
https://www.desafiohipico.com/programa/69a63bdf48c573101acafb0b,0
https://www.desafiohipico.com/programa/69af3f56f93fba034fecaa37,0
https://www.desafiohipico.com/programa/69b89b2748313875f4a0ec69,0
https://www.desafiohipico.com/programa/69bcb28d48313875f4a2da61,0
https://www.desafiohipico.com/programa/69c1ab2f48313875f4a39cab,0
https://www.desafiohipico.com/programa/69c1aba148313875f4a39d3f,0
https://www.desafiohipico.com/programa/69caf2ff48313875f4a68be5,0
https://www.desafiohipico.com/programa/69d425a515f415f0939b744c,0
https://www.desafiohipico.com/programa/69d431c415f415f0939b7669,0
https://www.desafiohipico.com/pronosticos,0
https://www.desafiohipico.com/revista/6994fb518aa7d9dfc08a084b,0
https://www.desafiohipico.com/revista/699d15808aa7d9dfc08ef770,0
https://www.desafiohipico.com/revista/69a63bdf48c573101acafb0b,0
https://www.desafiohipico.com/revista/69af3f56f93fba034fecaa37,0
https://www.desafiohipico.com/revista/69b89b2748313875f4a0ec69,0
https://www.desafiohipico.com/revista/69bcb23948313875f4a2d9bb,0
https://www.desafiohipico.com/revista/69bcb27348313875f4a2da12,0
https://www.desafiohipico.com/revista/69bcb28d48313875f4a2da61,0
https://www.desafiohipico.com/revista/69c1ab2f48313875f4a39cab,0
https://www.desafiohipico.com/revista/69c1aba148313875f4a39d3f,0
https://www.desafiohipico.com/revista/69caf2ff48313875f4a68be5,0
https://www.desafiohipico.com/revista/69d425a515f415f0939b744c,0
https://www.desafiohipico.com/revista/69d431c415f415f0939b7669,0
