Url,seo_friendly_url
https://www.desafiohipico.com/programa/69a63bdf48c573101acafb0b,False
https://www.desafiohipico.com/programa/69af3f56f93fba034fecaa37,False
https://www.desafiohipico.com/programa/69b89b2748313875f4a0ec69,False
https://www.desafiohipico.com/programa/69bcb28d48313875f4a2da61,False
https://www.desafiohipico.com/programa/69c1ab2f48313875f4a39cab,False
https://www.desafiohipico.com/programa/69c1aba148313875f4a39d3f,False
https://www.desafiohipico.com/programa/69caf2ff48313875f4a68be5,False
https://www.desafiohipico.com/programa/69d425a515f415f0939b744c,False
https://www.desafiohipico.com/programa/69d431c415f415f0939b7669,False
