Url,title
https://www.desafiohipico.com/,"Desafío Hípico · Inscritos, Pronósticos y Retirados La Rinconada y Valencia"
https://www.desafiohipico.com/programa/69a63bdf48c573101acafb0b,Inscritos Reunión 11 — LA RINCONADA 8 de marzo de 2026 | Desafío Hípico
https://www.desafiohipico.com/programa/69af3f56f93fba034fecaa37,Inscritos Reunión 12 — LA RINCONADA 15 de marzo de 2026 | Desafío Hípico
https://www.desafiohipico.com/programa/69b89b2748313875f4a0ec69,Inscritos Reunión 13 — LA RINCONADA 22 de marzo de 2026 | Desafío Hípico
https://www.desafiohipico.com/programa/69bcb28d48313875f4a2da61,Inscritos Reunión 7 — NACIONAL DE VALENCIA 21 de marzo de 2026 | Desafío Hípico
https://www.desafiohipico.com/programa/69c1ab2f48313875f4a39cab,Inscritos Reunión 14 — LA RINCONADA 29 de marzo de 2026 | Desafío Hípico
https://www.desafiohipico.com/programa/69c1aba148313875f4a39d3f,Inscritos Reunión 8 — NACIONAL DE VALENCIA 28 de marzo de 2026 | Desafío Hípico
https://www.desafiohipico.com/programa/69caf2ff48313875f4a68be5,Inscritos Reunión 15 — LA RINCONADA 5 de abril de 2026 | Desafío Hípico
https://www.desafiohipico.com/programa/69d425a515f415f0939b744c,Inscritos Reunión 16 — LA RINCONADA 12 de abril de 2026 | Desafío Hípico
https://www.desafiohipico.com/programa/69d431c415f415f0939b7669,Inscritos Reunión 9 — NACIONAL DE VALENCIA 11 de abril de 2026 | Desafío Hípico
https://www.desafiohipico.com/pronosticos,Pronósticos Hípicos Venezuela — Expertos La Rinconada y Valencia Hoy | Desafío Hípico
https://www.desafiohipico.com/resultados,Resultados Hípicos de Hoy Domingo | La Rinconada y Valencia — INH | Desafío Hípico
https://www.desafiohipico.com/retrospectos,Retrospectos Hípicos · Gaceta Hípica La Rinconada y Valencia | Desafío Hípico
https://www.desafiohipico.com/revista/6994fb518aa7d9dfc08a084b,Revista Hípica LA RINCONADA · Reunión 9 — domingo 22 de febrero de 2026 | Desafío Hípico
https://www.desafiohipico.com/revista/699d15808aa7d9dfc08ef770,Revista Hípica LA RINCONADA · Reunión 10 — domingo 1 de marzo de 2026 | Desafío Hípico
https://www.desafiohipico.com/revista/69a63bdf48c573101acafb0b,Revista Hípica LA RINCONADA · Reunión 11 — domingo 8 de marzo de 2026 | Desafío Hípico
https://www.desafiohipico.com/revista/69af3f56f93fba034fecaa37,Revista Hípica LA RINCONADA · Reunión 12 — domingo 15 de marzo de 2026 | Desafío Hípico
https://www.desafiohipico.com/revista/69b89b2748313875f4a0ec69,Revista Hípica LA RINCONADA · Reunión 13 — domingo 22 de marzo de 2026 | Desafío Hípico
https://www.desafiohipico.com/revista/69bcb23948313875f4a2d9bb,Revista Hípica NACIONAL DE VALENCIA · Reunión 5 — sábado 28 de febrero de 2026 | Desafío Hípico
https://www.desafiohipico.com/revista/69bcb27348313875f4a2da12,Revista Hípica NACIONAL DE VALENCIA · Reunión 6 — sábado 7 de marzo de 2026 | Desafío Hípico
https://www.desafiohipico.com/revista/69bcb28d48313875f4a2da61,Revista Hípica NACIONAL DE VALENCIA · Reunión 7 — sábado 21 de marzo de 2026 | Desafío Hípico
https://www.desafiohipico.com/revista/69c1ab2f48313875f4a39cab,Revista Hípica LA RINCONADA · Reunión 14 — domingo 29 de marzo de 2026 | Desafío Hípico
https://www.desafiohipico.com/revista/69c1aba148313875f4a39d3f,Revista Hípica NACIONAL DE VALENCIA · Reunión 8 — sábado 28 de marzo de 2026 | Desafío Hípico
https://www.desafiohipico.com/revista/69caf2ff48313875f4a68be5,Revista Hípica LA RINCONADA · Reunión 15 — domingo 5 de abril de 2026 | Desafío Hípico
https://www.desafiohipico.com/revista/69d425a515f415f0939b744c,Revista Hípica LA RINCONADA · Reunión 16 — domingo 12 de abril de 2026 | Desafío Hípico
https://www.desafiohipico.com/revista/69d431c415f415f0939b7669,Revista Hípica NACIONAL DE VALENCIA · Reunión 9 — sábado 11 de abril de 2026 | Desafío Hípico
https://www.desafiohipico.com/traqueos,Traqueos La Rinconada · Trabajos Oficiales INH Esta Semana | Desafío Hípico
https://www.desafiohipico.com/traqueos/2026-02-11,Ajustes La Rinconada Miércoles 11 de febrero 2026 | Desafío Hípico
https://www.desafiohipico.com/traqueos/2026-02-18,Ajustes La Rinconada Miércoles 18 de febrero 2026 | Desafío Hípico
https://www.desafiohipico.com/traqueos/2026-02-25,Ajustes La Rinconada Miércoles 25 de febrero 2026 | Desafío Hípico
https://www.desafiohipico.com/traqueos/valencia,Traqueos Valencia · Trabajos Oficiales INH Hipódromo Nacional | Desafío Hípico
